Workbook

Sheet Arithmetic
A1: 입력1 | B1: 입력2 | C1: 수식 | D1: 검증 내용
A2: 3 | B2: 4 | C2: =A2+B2 | D2: 덧셈
A3: 10 | B3: 4 | C3: =A3-B3 | D3: 뺄셈
A4: 6 | B4: 7 | C4: =A4*B4 | D4: 곱셈
A5: 7 | B5: 2 | C5: =A5/B5 | D5: 나눗셈 결과 소수
A6: 2 | B6: 10 | C6: =A6^B6 | D6: 거듭제곱
A7: 2 | B7: 3 | C7: =A7+B7*4 | D7: 연산자 우선순위(곱셈 먼저)
A8: 2 | B8: 3 | C8: =(A8+B8)*4 | D8: 괄호 우선
A9: 3 | C9: =-A9^2 | D9: 단항 음수가 거듭제곱보다 먼저
A10: 0.1 | B10: 0.2 | C10: =A10+B10 | D10: 부동소수 덧셈 오차
A11: 1 | B11: 3 | C11: =A11/B11*B11 | D11: 나눗셈 후 곱셈 복원
A12: 50 | C12: =A12% | D12: % 연산자
A13: 합계 | B13: 10 | C13: =A13&B13 | D13: 문자열 연결(&)과 숫자
A14: 1.5 | C14: ="값:"&A14 | D14: 소수의 문자열 변환
A15: 5 | B15: 2 | C15: =A15*B15 | D15: 숫자 모양 문자열의 자동 변환
A16: TRUE | B16: 1 | C16: =A16+B16 | D16: 논리값 TRUE의 산술
B17: 5 | C17: =A17+B17 | D17: 빈 셀은 0
A18: 1 | C18: =A18*1E+3 | D18: 지수 표기 숫자 리터럴

Sheet CoreFunctions
A1: 입력1 | B1: 입력2 | C1: 수식 | D1: 검증 내용 | F1: 이름 | G1: 점수 | H1: 부서
C2: =SUM(G2:G7) | D2: SUM: 빈 셀·문자 무시 | F2: 김민준 | G2: 85 | H2: 영업
C3: =AVERAGE(G2:G7) | D3: AVERAGE: 숫자만 평균 | F3: 이서연 | G3: 92 | H3: 개발
C4: =MIN(G2:G7) | D4: MIN | F4: 박도윤 | G4: 78 | H4: 영업
C5: =MAX(G2:G7) | D5: MAX | F5: 최하은 | H5: 개발
C6: =COUNT(G2:G7) | D6: COUNT: 숫자 셀 개수 | F6: 정시우 | G6: 64 | H6: 인사
C7: =COUNTA(G2:G7) | D7: COUNTA: 비어 있지 않은 셀 | F7: 한지아 | G7: 결석 | H7: 영업
C8: =IF(G2>=80,"합격","불합격") | D8: IF 참
C9: =IF(G6>=80,"합격","불합격") | D9: IF 거짓
C10: =AND(G2>80,G3>80) | D10: AND
C11: =OR(G4>80,G6>80) | D11: OR 모두 거짓
C12: =NOT(G2>80) | D12: NOT
A13: 2.345 | C13: =ROUND(A13,2) | D13: ROUND: 이진 표현 경계값
A14: -2.5 | C14: =ROUND(A14,0) | D14: ROUND: 음수 .5는 0에서 멀어지는 쪽
A15: 3.141 | C15: =ROUNDUP(A15,1) | D15: ROUNDUP
A16: -3.789 | C16: =ROUNDDOWN(A16,1) | D16: ROUNDDOWN: 음수는 0 쪽으로
A17: 1234.5 | C17: =ROUND(A17,-2) | D17: ROUND: 음수 자릿수
C18: =SUMIF(H2:H7,"영업",G2:G7) | D18: SUMIF: 문자 조건, 합계 범위의 문자 무시
C19: =COUNTIF(H2:H7,"영업") | D19: COUNTIF: 문자 조건
C20: =COUNTIF(G2:G7,">80") | D20: COUNTIF: 비교 조건
C21: =COUNTIF(H2:H7,"?발") | D21: COUNTIF: 와일드카드 ?
C22: =SUMIFS(G2:G7,H2:H7,"영업",G2:G7,">70") | D22: SUMIFS: 두 조건
C23: =COUNTIFS(H2:H7,"개발",G2:G7,">=90") | D23: COUNTIFS: 두 조건
C24: =IFERROR(G2/1,"오류") | D24: IFERROR: 정상 값 통과
C25: =IFERROR(G7/1,"오류") | D25: IFERROR: 문자 나눗셈 오류 대체
C26: =LEN(F2) | D26: LEN: 한글 글자 수
C27: =CONCATENATE(F2,"-",H2) | D27: CONCATENATE
C28: =_xlfn.CONCAT(F2,"-",H2) | D28: CONCAT(Excel 2019+ 함수)
C29: =SQRT(G3+8) | D29: SQRT

Sheet References
A1: 입력1 | B1: 입력2 | C1: 수식 | D1: 검증 내용 | F1: 할인율 | G1: 0.1
A2: 1000 | C2: =A2*(1-$G$1) | D2: 절대 참조 $G$1
A3: 2000 | C3: =$G$1*A3 | D3: 절대 참조(순서 바꿈)
A4: 3000 | C4: =A4*(1-G$1) | D4: 혼합 참조: 행 고정
A5: 4000 | C5: =A5*(1-$G1) | D5: 혼합 참조: 열 고정($G1)
A6: 5000 | C6: =SUM(A2:A6) | D6: 범위 참조
C7: =SUM($A$2:$A$6)/COUNT(A2:A6) | D7: 절대 범위와 상대 범위 혼용
C8: =Data!B2 | D8: 다른 시트 단일 셀
C9: =SUM(Data!B2:B6) | D9: 다른 시트 범위
C10: =Data!B3*Data!C3 | D10: 다른 시트 셀끼리 연산
C11: =SUMPRODUCT(Data!B2:B6,Data!C2:C6) | D11: 다른 시트 두 범위의 곱의 합
C12: ='매출 자료'!A1+'매출 자료'!A2 | D12: 공백·한글 시트 이름 따옴표 참조
C13: =VLOOKUP("귤",Data!A2:C6,3,FALSE) | D13: VLOOKUP 정확히 일치
C14: =INDEX(Data!A2:A6,MATCH(30,Data!B2:B6,0)) | D14: INDEX+MATCH
C15: =MATCH("포도",Data!A2:A6,0) | D15: MATCH 위치
C16: =Data!E9 | D16: 다른 시트 빈 셀은 0
C17: =C2+C3 | D17: 수식 셀을 참조하는 수식(연쇄 재계산)

Sheet Data
A1: 상품 | B1: 수량 | C1: 단가 | D1: 비고
A2: 사과 | B2: 12 | C2: 1200
A3: 배 | B3: 7 | C3: 2500 | D3: 할인
A4: 귤 | B4: 30 | C4: 400
A5: 포도 | B5: 5 | C5: 3200 | D5: 할인
A6: 감 | B6: 18 | C6: 900 | D6: 품절

Sheet 매출 자료
A1: 100
A2: 250

Sheet DateSerial
A1: 입력1 | B1: 입력2 | C1: 수식 | D1: 검증 내용
C2: =DATE(1900,1,1) | D2: 일련번호 기준 1900-01-01 = 1
C3: =DATE(1900,2,28) | D3: 1900-02-28 = 59
C4: =DATE(1900,2,29) | D4: 없는 날짜 1900-02-29(1900 윤년 버그)
C5: =DATE(1900,3,1) | D5: 1900-03-01 = 61
C6: =DATE(2024,2,29) | D6: 실제 윤년
C7: =DATE(2023,2,29) | D7: 없는 날짜는 다음 달로 넘김
C8: =DATE(2024,13,1) | D8: 13월은 다음 해 1월
C9: =DATE(2024,1,0) | D9: 0일은 전달 말일
A10: 60 | C10: =YEAR(A10) | D10: 일련번호 60의 연도
A11: 60 | C11: =MONTH(A11) | D11: 일련번호 60의 월
A12: 60 | C12: =DAY(A12) | D12: 일련번호 60의 일
A13: 61 | C13: =DAY(A13) | D13: 일련번호 61의 일
C14: =DATEVALUE("2024-03-15") | D14: ISO 날짜 문자열 해석
C15: =DATE(2024,12,25)-DATE(2024,1,1) | D15: 날짜 차(일수)
C16: =DATEDIF(DATE(2000,5,15),DATE(2024,3,15),"Y") | D16: DATEDIF 만 나이
C17: =WEEKDAY(DATE(2024,3,15)) | D17: WEEKDAY 금요일
A18: 1 | C18: =WEEKDAY(A18) | D18: WEEKDAY: 1900-01-01을 일요일로 봄
A19: 45366 | C19: =YEAR(A19)*10000+MONTH(A19)*100+DAY(A19) | D19: 일련번호 → 연월일

Sheet ErrorValues
A1: 입력1 | B1: 입력2 | C1: 수식 | D1: 검증 내용
C2: =1/0 | D2: #DIV/0! 상수
A3: 5 | B3: 0 | C3: =A3/B3 | D3: #DIV/0! 셀 참조
C4: ="가"+1 | D4: #VALUE! 문자 산술
C5: =SQRT(-1) | D5: #NUM! 음수 제곱근
C6: =DATE(-1,1,1) | D6: #NUM! 범위 밖 날짜
C7: =FOOBAR(1) | D7: #NAME? 없는 함수
C8: =SUMM(1,2) | D8: #NAME? 함수 이름 오타
C9: =VLOOKUP("수박",Data!A2:C6,2,FALSE) | D9: #N/A VLOOKUP 못 찾음
C10: =MATCH(999,Data!B2:B6,0) | D10: #N/A MATCH 못 찾음
C11: =INDEX(Data!A2:A6,10) | D11: #REF! INDEX 범위 밖
C12: =VLOOKUP("사과",Data!A2:C6,5,FALSE) | D12: #REF! VLOOKUP 열 번호 초과
A13: 1 | B13: 2 | C13: =SUM(A13:A14 B13:B14) | D13: #NULL! 겹치지 않는 범위 교집합(공백 연산자)
C14: =1/0+1 | D14: 오류 전파
C15: =IF(1/0>1,1,2) | D15: 조건식 오류 전파
C16: =IFERROR(1/0,"대체") | D16: IFERROR 오류 대체
C17: =ISERROR(1/0) | D17: ISERROR
C18: =SQRT("abc") | D18: #VALUE! 함수 인수 형식
